{"cameraMode":{"drawMode":0,"name":"Shaded","section":"Shading Mode"},"sceneLighting":true,"audioPlay":false,"sceneViewState":{"showFog":true,"showMaterialUpdate":false,"showSkybox":true,"showFlares":true,"showImageEffects":true,"showParticleSystems":true},"in2DMode":false,"pivot":{"x":150.03262329101563,"y":8.612408638000489,"z":150.0},"rotation":{"x":-0.12245791405439377,"y":-0.7573893666267395,"z":0.1486579179763794,"w":-0.6239296197891235},"size":8.69649887084961,"orthographic":false}