{"cameraMode":{"drawMode":0,"name":"Shaded","section":"Shading Mode"},"sceneLighting":false,"audioPlay":false,"sceneViewState":{"showFog":true,"showMaterialUpdate":false,"showSkybox":false,"showFlares":true,"showImageEffects":true,"showParticleSystems":true},"in2DMode":false,"pivot":{"x":4.898344039916992,"y":-2.0559072494506838,"z":2.5085508823394777},"rotation":{"x":-0.18327203392982484,"y":-0.4454033672809601,"z":0.09369095414876938,"w":-0.8713705539703369},"size":8.933801651000977,"orthographic":false}