{"cameraMode":{"drawMode":0,"name":"Shaded","section":"Shading Mode"},"sceneLighting":false,"audioPlay":false,"sceneViewState":{"showFog":true,"showMaterialUpdate":false,"showSkybox":false,"showFlares":true,"showImageEffects":true,"showParticleSystems":true},"in2DMode":false,"pivot":{"x":149.05160522460938,"y":7.866443634033203,"z":151.4794464111328},"rotation":{"x":-0.07720477879047394,"y":-0.9130980968475342,"z":0.20496489107608796,"w":-0.34397026896476748},"size":3.3304784297943117,"orthographic":false}