{"cameraMode":{"drawMode":0,"name":"Shaded","section":"Shading Mode"},"sceneLighting":false,"audioPlay":false,"sceneViewState":{"showFog":true,"showMaterialUpdate":false,"showSkybox":false,"showFlares":true,"showImageEffects":true,"showParticleSystems":true},"in2DMode":false,"pivot":{"x":-0.015708327293395997,"y":1.6552376747131348,"z":-0.07347190380096436},"rotation":{"x":-0.2792147397994995,"y":0.5815688967704773,"z":-0.22210082411766053,"w":-0.7311069965362549},"size":7.665126800537109,"orthographic":false}