{"cameraMode":{"drawMode":0,"name":"Shaded","section":"Shading Mode"},"sceneLighting":true,"audioPlay":false,"sceneViewState":{"showFog":true,"showMaterialUpdate":false,"showSkybox":true,"showFlares":true,"showImageEffects":true,"showParticleSystems":true},"in2DMode":false,"pivot":{"x":149.62521362304688,"y":8.711628913879395,"z":152.55386352539063},"rotation":{"x":0.27209171652793887,"y":0.06980464607477188,"z":-0.01981509104371071,"w":0.9595516920089722},"size":20.232994079589845,"orthographic":false}