{"cameraMode":{"drawMode":0,"name":"Shaded","section":"Shading Mode"},"sceneLighting":false,"audioPlay":false,"sceneViewState":{"showFog":true,"showMaterialUpdate":false,"showSkybox":false,"showFlares":true,"showImageEffects":true,"showParticleSystems":true},"in2DMode":false,"pivot":{"x":1.0440692901611329,"y":0.13389253616333009,"z":-0.22386765480041505},"rotation":{"x":-0.08031397312879563,"y":-0.8941665887832642,"z":0.1782902479171753,"w":-0.402817964553833},"size":3.795786142349243,"orthographic":false}